Elapsed time;Get all routes
0:00:00;149.89655172413794
0:00:01;429.42446043165467
0:00:02;595.6666666666666
0:00:03;1017.2830188679249
0:00:04;616.232044198895
0:00:05;624.2733333333335
0:00:06;571.7710843373496
0:00:07;617.6335403726708
0:00:08;610.9226519337017
0:00:09;560.2077922077921
0:00:10;621.0306122448978
0:00:11;576.5241379310348
0:00:12;546.4131736526945
0:00:13;598.995024875622
0:00:14;507.91411042944804
0:00:15;302.93750000000006
