Elapsed time;Get all vehicles
0:00:00;51.473684210526315
0:00:01;286.2178217821782
0:00:02;451.62983425414365
0:00:03;521.3128205128202
0:00:04;474.50485436893206
0:00:05;519.6619047619046
0:00:06;497.2068965517241
0:00:07;452.96666666666664
0:00:08;483.94300518134713
0:00:09;486.4019607843137
0:00:10;513.3883928571437
0:00:11;432.69953051643193
0:00:12;286.9490740740741
0:00:13;31.0
