Elapsed time;Get all users setup;Get route for random driver
0:00:00;49.625;3.4761904761904754
0:00:01;83.63095238095241;7.291075514874163
